COUNTRY,COUNTRY_GRP,SEX,YEAR,VALUE
ALB,,ALL,1990,85.59
ALB,,ALL,1991,62.4
ALB,,ALL,1992,63.45
ALB,,ALL,1993,67.4
ALB,,ALL,1994,68.49
ALB,,ALL,1995,73.78
ALB,,ALL,1996,83.31
ALB,,ALL,1997,71.32
ALB,,ALL,1998,83.89
ALB,,ALL,1999,81.93
ALB,,ALL,2000,102.89
ALB,,ALL,2001,100.28
ALB,,ALL,2002,95.78
ALB,,ALL,2003,99.91
ALB,,ALL,2004,103.35
ALB,,ALL,2005,107.92
ALB,,ALL,2007,105.45
ALB,,ALL,2008,117.67
ALB,,ALL,2009,110.13
ALB,,ALL,2010,121.04
ALB,,ALL,2011,119.32
ALB,,ALL,2012,117.09
ALB,,ALL,2013,135.88
ALB,,ALL,2015,189.4
ARM,,ALL,1980,114.31
ARM,,ALL,1981,129.06
ARM,,ALL,1982,131.74
ARM,,ALL,1983,134.73
ARM,,ALL,1984,141.63
ARM,,ALL,1985,145.75
ARM,,ALL,1986,149.72
ARM,,ALL,1987,155.01
ARM,,ALL,1988,157.9
ARM,,ALL,1989,159.4
ARM,,ALL,1990,154.02
ARM,,ALL,1991,135.8
ARM,,ALL,1992,121.07
ARM,,ALL,1993,132.46
ARM,,ALL,1994,134.51
ARM,,ALL,1995,144.31
ARM,,ALL,1996,146.42
ARM,,ALL,1997,145.07
ARM,,ALL,1998,158.88
ARM,,ALL,1999,167.54
ARM,,ALL,2000,167.75
ARM,,ALL,2001,176.22
ARM,,ALL,2002,178.56
ARM,,ALL,2003,185.32
ARM,,ALL,2004,192.1
ARM,,ALL,2005,198.79
ARM,,ALL,2006,221.76
ARM,,ALL,2007,226.06
ARM,,ALL,2008,226.84
ARM,,ALL,2009,236.06
ARM,,ALL,2010,233.2
ARM,,ALL,2011,240.42
ARM,,ALL,2012,260.47
ARM,,ALL,2013,261.78
ARM,,ALL,2014,278.26
ARM,,ALL,2015,277.43
ARM,,ALL,2016,276.8
ARM,,ALL,2017,281.56
ARM,,ALL,2019,266.35
AUT,,ALL,1983,388.05
AUT,,ALL,1984,392.4
AUT,,ALL,1985,386.83
AUT,,ALL,1986,380.86
AUT,,ALL,1987,390.95
AUT,,ALL,1988,414.5
AUT,,ALL,1989,418.3
AUT,,ALL,1990,407.2
AUT,,ALL,1991,402.29
AUT,,ALL,1992,401.58
AUT,,ALL,1993,419.5
AUT,,ALL,1994,424.53
AUT,,ALL,1995,433.38
AUT,,ALL,1996,443.84
AUT,,ALL,1997,458.26
AUT,,ALL,1998,458.97
AUT,,ALL,1999,448.72
AUT,,ALL,2000,469.02
AUT,,ALL,2001,466.3
AUT,,ALL,2002,466.28
AUT,,ALL,2003,476.64
AUT,,ALL,2004,480.47
AUT,,ALL,2005,465.5
AUT,,ALL,2006,477.23
AUT,,ALL,2007,478.07
AUT,,ALL,2008,473.95
AUT,,ALL,2009,469.44
AUT,,ALL,2010,474.6
AUT,,ALL,2011,474.79
AUT,,ALL,2012,479.17
AUT,,ALL,2013,471.49
AUT,,ALL,2014,483.61
AUT,,ALL,2015,486.33
AUT,,ALL,2016,492.1
AUT,,ALL,2017,483.23
AUT,,ALL,2018,480.03
AZE,,ALL,1990,132.96
AZE,,ALL,1991,108.07
AZE,,ALL,1992,89.26
AZE,,ALL,1993,71.3
AZE,,ALL,1994,71.41
AZE,,ALL,1995,83.59
AZE,,ALL,1996,73.42
AZE,,ALL,1997,69.7
AZE,,ALL,1998,61.14
AZE,,ALL,1999,58.35
AZE,,ALL,2000,59.69
AZE,,ALL,2001,62.7
AZE,,ALL,2002,64.89
AZE,,ALL,2003,67.9
AZE,,ALL,2004,73.54
AZE,,ALL,2005,74.8
AZE,,ALL,2006,78.5
AZE,,ALL,2007,81.89
AZE,,ALL,2008,83.47
AZE,,ALL,2009,85.54
AZE,,ALL,2010,89.67
AZE,,ALL,2011,92.65
AZE,,ALL,2012,92.39
AZE,,ALL,2013,96.25
AZE,,ALL,2014,99.1
AZE,,ALL,2015,105.53
AZE,,ALL,2016,109.51
AZE,,ALL,2017,113.58
BEL,,ALL,1990,322
BEL,,ALL,1991,333.04
BEL,,ALL,1992,319.49
BEL,,ALL,1993,324.7
BEL,,ALL,1994,304.26
BEL,,ALL,1995,304.12
BEL,,ALL,1996,330.12
BEL,,ALL,1997,373.23
BEL,,ALL,1998,401.81
BEL,,ALL,1999,439.23
BEL,,ALL,2000,460.51
BEL,,ALL,2001,467.5
BEL,,ALL,2002,476.23
BEL,,ALL,2003,499.98
BEL,,ALL,2004,582.9
BEL,,ALL,2005,573.95
BEL,,ALL,2006,576.53
BEL,,ALL,2007,559.77
BEL,,ALL,2008,560.19
BEL,,ALL,2009,561.03
BEL,,ALL,2010,571.78
BEL,,ALL,2011,584.52
BEL,,ALL,2012,586.77
BEL,,ALL,2013,585.83
BEL,,ALL,2014,604.12
BEL,,ALL,2015,595.49
BEL,,ALL,2016,599.86
BEL,,ALL,2017,602.8
BEL,,ALL,2018,616.34
BIH,,ALL,1986,63.22
BIH,,ALL,1987,56.94
BIH,,ALL,1988,61.55
BIH,,ALL,1989,79.86
BIH,,ALL,2009,251.19
BIH,,ALL,2010,202.08
BIH,,ALL,2011,215.48
BIH,,ALL,2012,232.54
BIH,,ALL,2013,230.18
BIH,,ALL,2014,213.36
BIH,,ALL,2015,273.01
BIH,,ALL,2016,126.67
BIH,,ALL,2017,194.42
BIH,,ALL,2018,154.94
BIH,,ALL,2019,154.94
BLR,,ALL,1993,284.02
BLR,,ALL,1994,294.42
BLR,,ALL,1995,298.59
BLR,,ALL,1996,314.92
BLR,,ALL,1997,319.1
BLR,,ALL,1998,328.94
BLR,,ALL,1999,330.36
BLR,,ALL,2000,328.7
BLR,,ALL,2001,338.81
BLR,,ALL,2002,346.09
BLR,,ALL,2003,351.87
BLR,,ALL,2004,376.77
BLR,,ALL,2005,367.18
BLR,,ALL,2006,374.44
BLR,,ALL,2007,402.01
BLR,,ALL,2008,411.09
BLR,,ALL,2009,412.81
BLR,,ALL,2010,442.9
BLR,,ALL,2011,446.69
BLR,,ALL,2012,456.81
BLR,,ALL,2013,464.93
BLR,,ALL,2014,483
BLR,,ALL,2015,513.05
BLR,,ALL,2016,522.95
BLR,,ALL,2017,537.78
BLR,,ALL,2018,554.48
BLR,,ALL,2019,571.55
BGR,,ALL,1980,232.69
BGR,,ALL,1981,235.12
BGR,,ALL,1982,238.36
BGR,,ALL,1983,238.36
BGR,,ALL,1984,243.03
BGR,,ALL,1985,233.08
BGR,,ALL,1986,251.22
BGR,,ALL,1987,253.51
BGR,,ALL,1988,258.72
BGR,,ALL,1989,254.41
BGR,,ALL,1990,245.12
BGR,,ALL,1991,250.02
BGR,,ALL,1992,267.65
BGR,,ALL,1993,272.12
BGR,,ALL,1994,291.2
BGR,,ALL,1995,285.1
BGR,,ALL,1996,310.79
BGR,,ALL,1997,290.05
BGR,,ALL,1998,318.95
BGR,,ALL,1999,324.25
BGR,,ALL,2000,320.14
BGR,,ALL,2001,356.25
BGR,,ALL,2002,376.42
BGR,,ALL,2003,376.4
BGR,,ALL,2004,383.17
BGR,,ALL,2005,379.26
BGR,,ALL,2006,393.26
BGR,,ALL,2007,413.93
BGR,,ALL,2008,426.03
BGR,,ALL,2009,438.3
BGR,,ALL,2010,425.61
BGR,,ALL,2011,444.56
BGR,,ALL,2012,432.36
BGR,,ALL,2013,461.86
BGR,,ALL,2014,443.36
BGR,,ALL,2015,448.92
BGR,,ALL,2016,437.33
BGR,,ALL,2017,423.47
BGR,,ALL,2018,402.56
BGR,,ALL,2019,427.43
CARINFONET,,ALL,1990,119.68
CARINFONET,,ALL,1991,117.95
CARINFONET,,ALL,1992,112.4
CARINFONET,,ALL,1993,108.97
CARINFONET,,ALL,1994,101.67
CARINFONET,,ALL,1995,96.73
CARINFONET,,ALL,1996,96.78
CARINFONET,,ALL,1997,96.67
CARINFONET,,ALL,1998,100.12
CARINFONET,,ALL,1999,99.1
CARINFONET,,ALL,2000,102.13
CARINFONET,,ALL,2001,100.86
CARINFONET,,ALL,2002,99.38
CARINFONET,,ALL,2003,99.09
CARINFONET,,ALL,2004,97.21
CARINFONET,,ALL,2005,96
CARINFONET,,ALL,2006,96.29
CARINFONET,,ALL,2007,96.11
CARINFONET,,ALL,2008,93.63
CARINFONET,,ALL,2009,95.6
CARINFONET,,ALL,2010,94.59
CARINFONET,,ALL,2011,95.32
CARINFONET,,ALL,2012,96.47
CARINFONET,,ALL,2013,97.96
CARINFONET,,ALL,2014,101.14
CARINFONET,,ALL,2015,104.51
CARINFONET,,ALL,2016,103.68
CARINFONET,,ALL,2017,101.03
CARINFONET,,ALL,2018,101.37
CARINFONET,,ALL,2019,102.55
CIS,,ALL,1985,225.91
CIS,,ALL,1986,232.04
CIS,,ALL,1987,236.25
CIS,,ALL,1988,239.49
CIS,,ALL,1989,238.22
CIS,,ALL,1990,239.52
CIS,,ALL,1991,239.58
CIS,,ALL,1992,241.38
CIS,,ALL,1993,243.02
CIS,,ALL,1994,243.37
CIS,,ALL,1995,242.19
CIS,,ALL,1996,246.49
CIS,,ALL,1997,251.16
CIS,,ALL,1998,256.1
CIS,,ALL,1999,256.41
CIS,,ALL,2000,259.57
CIS,,ALL,2001,260.82
CIS,,ALL,2002,263.02
CIS,,ALL,2003,263.71
CIS,,ALL,2004,268.96
CIS,,ALL,2005,270.16
CIS,,ALL,2006,272.49
CIS,,ALL,2007,277.34
CIS,,ALL,2008,278.37
CIS,,ALL,2009,283.63
CIS,,ALL,2010,288.39
CIS,,ALL,2011,290.25
CIS,,ALL,2012,293.5
CIS,,ALL,2013,297.88
CIS,,ALL,2014,299.97
CIS,,ALL,2015,308.96
CIS,,ALL,2016,312.88
CIS,,ALL,2017,314.11
CIS,,ALL,2018,316.62
CIS,,ALL,2019,322.38
HRV,,ALL,1980,284.98
HRV,,ALL,1981,287.28
HRV,,ALL,1982,287.41
HRV,,ALL,1983,282.95
HRV,,ALL,1984,296.52
HRV,,ALL,1985,304.89
HRV,,ALL,1986,305.08
HRV,,ALL,1987,297.84
HRV,,ALL,1988,299.07
HRV,,ALL,1989,310.71
HRV,,ALL,1990,325.76
HRV,,ALL,1991,295.98
HRV,,ALL,1992,300.47
HRV,,ALL,1993,315.34
HRV,,ALL,1994,311.62
HRV,,ALL,1995,337.56
HRV,,ALL,1996,354.28
HRV,,ALL,1997,364.2
HRV,,ALL,1998,366
HRV,,ALL,1999,452.9
HRV,,ALL,2000,459.06
HRV,,ALL,2001,442.66
HRV,,ALL,2002,450.69
HRV,,ALL,2003,452.74
HRV,,ALL,2004,451.41
HRV,,ALL,2005,479.45
HRV,,ALL,2006,468.85
HRV,,ALL,2007,484.74
HRV,,ALL,2008,481.36
HRV,,ALL,2009,508.12
HRV,,ALL,2010,505.46
HRV,,ALL,2011,523.6
HRV,,ALL,2012,537.01
HRV,,ALL,2013,548.87
HRV,,ALL,2014,559.75
HRV,,ALL,2015,565.22
HRV,,ALL,2016,573.66
HRV,,ALL,2017,611.8
HRV,,ALL,2018,621.23
CYP,,ALL,1998,237
CYP,,ALL,1999,236.44
CYP,,ALL,2000,254.98
CYP,,ALL,2001,273.8
CYP,,ALL,2002,291.14
CYP,,ALL,2003,300.68
CYP,,ALL,2004,327.67
CYP,,ALL,2005,327.39
CYP,,ALL,2006,329.69
CYP,,ALL,2007,360.51
CYP,,ALL,2008,376.41
CYP,,ALL,2009,363.91
CYP,,ALL,2010,373.54
CYP,,ALL,2011,394.01
CYP,,ALL,2012,380.35
CYP,,ALL,2013,392.03
CYP,,ALL,2014,411.88
CYP,,ALL,2015,434.85
CYP,,ALL,2016,457.44
CYP,,ALL,2017,432.93
CZE,,ALL,1970,303.66
CZE,,ALL,1971,310.09
CZE,,ALL,1972,328.82
CZE,,ALL,1973,327.85
CZE,,ALL,1974,339.14
CZE,,ALL,1975,346.51
CZE,,ALL,1976,338.87
CZE,,ALL,1977,347.28
CZE,,ALL,1978,348.78
CZE,,ALL,1979,350.52
CZE,,ALL,1980,359.62
CZE,,ALL,1981,374.83
CZE,,ALL,1982,382.78
CZE,,ALL,1983,386.36
CZE,,ALL,1984,389.67
CZE,,ALL,1985,393.84
CZE,,ALL,1986,401.56
CZE,,ALL,1987,427.91
CZE,,ALL,1988,429.39
CZE,,ALL,1989,443.24
CZE,,ALL,1990,436.14
CZE,,ALL,1991,463.85
CZE,,ALL,1992,482.99
CZE,,ALL,1993,504.51
CZE,,ALL,1994,524.19
CZE,,ALL,1995,537.03
CZE,,ALL,1996,560.79
CZE,,ALL,1997,574.31
CZE,,ALL,1998,580.58
CZE,,ALL,1999,595.07
CZE,,ALL,2000,601.82
CZE,,ALL,2001,620.07
CZE,,ALL,2002,656.36
CZE,,ALL,2003,676.2
CZE,,ALL,2004,697.1
CZE,,ALL,2005,722.95
CZE,,ALL,2006,725.39
CZE,,ALL,2007,767.85
CZE,,ALL,2008,767.41
CZE,,ALL,2009,779.94
CZE,,ALL,2010,818.18
CZE,,ALL,2011,828.77
CZE,,ALL,2012,856.55
CZE,,ALL,2013,885.6
CZE,,ALL,2014,905.73
CZE,,ALL,2015,934.8
CZE,,ALL,2016,954.12
CZE,,ALL,2017,944.76
CZE,,ALL,2018,938.71
DNK,,ALL,1978,411.78
DNK,,ALL,1979,405.51
DNK,,ALL,1980,418.5
DNK,,ALL,1981,420.15
DNK,,ALL,1982,427.72
DNK,,ALL,1983,451.4
DNK,,ALL,1984,438.65
DNK,,ALL,1985,446.96
DNK,,ALL,1986,444.66
DNK,,ALL,1987,466.98
DNK,,ALL,1988,471.94
DNK,,ALL,1989,464.21
DNK,,ALL,1990,461.1
DNK,,ALL,1991,471.33
DNK,,ALL,1992,482.75
DNK,,ALL,1993,477.73
DNK,,ALL,1994,484.98
DNK,,ALL,1995,476.95
DNK,,ALL,1996,480.13
DNK,,ALL,1997,490.23
DNK,,ALL,1998,504.32
DNK,,ALL,1999,509.03
DNK,,ALL,2000,512.15
DNK,,ALL,2001,518.12
DNK,,ALL,2002,526.38
DNK,,ALL,2003,537.59
DNK,,ALL,2004,572.19
DNK,,ALL,2005,587.85
DNK,,ALL,2006,614.11
DNK,,ALL,2007,623.5
DNK,,ALL,2008,672.36
DNK,,ALL,2009,700.81
DNK,,ALL,2010,684.49
DNK,,ALL,2011,701.26
DNK,,ALL,2012,706.72
DNK,,ALL,2013,710.74
DNK,,ALL,2014,746.04
DNK,,ALL,2015,753.04
DNK,,ALL,2016,743.72
DNK,,ALL,2017,742.6
DNK,,ALL,2018,764.67
DNK,,ALL,2019,781.72
DEU,,ALL,1991,422.89
DEU,,ALL,1992,427.62
DEU,,ALL,1993,432.45
DEU,,ALL,1994,438.78
DEU,,ALL,1995,451.8
DEU,,ALL,1996,452.03
DEU,,ALL,1997,458.3
DEU,,ALL,1998,469.12
DEU,,ALL,1999,496.64
DEU,,ALL,2000,501.58
DEU,,ALL,2001,510.48
DEU,,ALL,2002,532.54
DEU,,ALL,2003,551.18
DEU,,ALL,2004,555.05
DEU,,ALL,2005,562.99
DEU,,ALL,2006,578.26
DEU,,ALL,2007,600.24
DEU,,ALL,2008,614.88
DEU,,ALL,2009,615.73
DEU,,ALL,2010,614.2
DEU,,ALL,2011,617.47
DEU,,ALL,2012,607.81
DEU,,ALL,2013,612.83
DEU,,ALL,2014,609.89
DEU,,ALL,2015,619.76
DEU,,ALL,2016,609.68
DEU,,ALL,2017,606.65
EST,,ALL,1970,250.57
EST,,ALL,1971,258.03
EST,,ALL,1972,252.35
EST,,ALL,1973,263.02
EST,,ALL,1974,271.97
EST,,ALL,1975,272.36
EST,,ALL,1976,268.83
EST,,ALL,1977,263.82
EST,,ALL,1978,266.54
EST,,ALL,1979,268.47
EST,,ALL,1980,272.07
EST,,ALL,1981,272.1
EST,,ALL,1982,273.09
EST,,ALL,1983,279.64
EST,,ALL,1984,291.84
EST,,ALL,1985,296.84
EST,,ALL,1986,297.37
EST,,ALL,1987,300.79
EST,,ALL,1988,310.65
EST,,ALL,1989,309.03
EST,,ALL,1990,315.39
EST,,ALL,1991,327.42
EST,,ALL,1992,333.31
EST,,ALL,1993,368.78
EST,,ALL,1994,364.3
EST,,ALL,1995,385
EST,,ALL,1996,413.96
EST,,ALL,1997,418.92
EST,,ALL,1998,429.32
EST,,ALL,1999,430.78
EST,,ALL,2000,431.86
EST,,ALL,2001,449.6
EST,,ALL,2002,443.83
EST,,ALL,2003,465.52
EST,,ALL,2004,500.09
EST,,ALL,2005,481.7
EST,,ALL,2006,534.52
EST,,ALL,2007,543.6
EST,,ALL,2008,549.85
EST,,ALL,2009,554.66
EST,,ALL,2010,591.45
EST,,ALL,2011,622.1
EST,,ALL,2012,628.49
EST,,ALL,2013,646.13
EST,,ALL,2014,659.09
EST,,ALL,2015,675.32
EST,,ALL,2016,679.78
EST,,ALL,2017,672.09
EST,,ALL,2018,664.38
FIN,,ALL,1970,248.75
FIN,,ALL,1971,260.79
FIN,,ALL,1972,262.3
FIN,,ALL,1973,262.27
FIN,,ALL,1974,264.59
FIN,,ALL,1975,270.66
FIN,,ALL,1976,283.2
FIN,,ALL,1977,289.73
FIN,,ALL,1978,295.15
FIN,,ALL,1979,303.17
FIN,,ALL,1980,312.17
FIN,,ALL,1981,313.85
FIN,,ALL,1982,321.53
FIN,,ALL,1983,325.96
FIN,,ALL,1984,328.4
FIN,,ALL,1985,334.93
FIN,,ALL,1986,346.06
FIN,,ALL,1987,353.6
FIN,,ALL,1988,353.12
FIN,,ALL,1989,350.68
FIN,,ALL,1990,357.41
FIN,,ALL,1991,369.07
FIN,,ALL,1992,381.52
FIN,,ALL,1993,384.47
FIN,,ALL,1994,400
FIN,,ALL,1995,405.22
FIN,,ALL,1996,427.4
FIN,,ALL,1997,429.14
FIN,,ALL,1998,438.15
FIN,,ALL,1999,440.13
FIN,,ALL,2000,449.59
FIN,,ALL,2001,455.94
FIN,,ALL,2002,469.39
FIN,,ALL,2003,479.76
FIN,,ALL,2004,508.48
FIN,,ALL,2005,517.22
FIN,,ALL,2006,518.43
FIN,,ALL,2007,509.99
FIN,,ALL,2008,524.03
FIN,,ALL,2009,547.42
FIN,,ALL,2010,556.24
FIN,,ALL,2011,565.41
FIN,,ALL,2012,567.33
FIN,,ALL,2013,592.06
FIN,,ALL,2014,596.22
FIN,,ALL,2015,613.09
FIN,,ALL,2016,630.22
FIN,,ALL,2017,629.39
FIN,,ALL,2018,622.24
FRA,,ALL,1990,390.53
FRA,,ALL,1995,412.44
FRA,,ALL,2000,472.45
FRA,,ALL,2005,523.61
FRA,,ALL,2010,568.07
FRA,,ALL,2011,578.1
FRA,,ALL,2012,558.89
FRA,,ALL,2015,597.87
FRA,,ALL,2017,617.92
FRA,,ALL,2018,590.71
MKD,,ALL,1980,174.59
MKD,,ALL,1982,178.84
MKD,,ALL,1984,154.24
MKD,,ALL,1985,170.19
MKD,,ALL,1987,155.14
MKD,,ALL,1988,104.04
MKD,,ALL,1989,93.86
MKD,,ALL,1990,153.5
MKD,,ALL,1991,142.46
MKD,,ALL,1994,194.3
MKD,,ALL,1995,276.39
MKD,,ALL,1996,255.81
MKD,,ALL,1997,282.59
MKD,,ALL,1998,306
MKD,,ALL,1999,264.09
MKD,,ALL,2000,263.38
MKD,,ALL,2001,274.46
MKD,,ALL,2002,270.42
MKD,,ALL,2003,296.14
MKD,,ALL,2004,280.24
MKD,,ALL,2005,284.36
MKD,,ALL,2006,299.62
MKD,,ALL,2007,285.82
GEO,,ALL,1980,105.6
GEO,,ALL,1981,122.65
GEO,,ALL,1982,111.24
GEO,,ALL,1983,119.77
GEO,,ALL,1984,128.51
GEO,,ALL,1985,130.13
GEO,,ALL,1986,133.27
GEO,,ALL,1987,131.84
GEO,,ALL,1988,136.28
GEO,,ALL,1989,130.73
GEO,,ALL,1990,128.52
GEO,,ALL,1991,118.36
GEO,,ALL,1992,83.07
GEO,,ALL,1993,70.79
GEO,,ALL,1994,72.48
GEO,,ALL,1995,65.5
GEO,,ALL,1996,73.5
GEO,,ALL,1997,95.35
GEO,,ALL,1998,102.04
GEO,,ALL,1999,98.96
GEO,,ALL,2000,97.25
GEO,,ALL,2001,113.39
GEO,,ALL,2002,122.38
GEO,,ALL,2003,121.3
GEO,,ALL,2004,132.6
GEO,,ALL,2005,138.6
GEO,,ALL,2006,140.97
GEO,,ALL,2007,115.28
GEO,,ALL,2008,129.16
GEO,,ALL,2009,128.23
GEO,,ALL,2010,125.93
GEO,,ALL,2011,94.84
GEO,,ALL,2012,94.24
GEO,,ALL,2013,110.09
GEO,,ALL,2014,129.6
GEO,,ALL,2015,298.2
GEO,,ALL,2016,287.79
GEO,,ALL,2017,273.42
GEO,,ALL,2018,284.47
GEO,,ALL,2019,297.45
GEO,,ALL,2020,253.44
HUN,,ALL,1980,215.37
HUN,,ALL,1985,277.05
HUN,,ALL,1990,270.92
HUN,,ALL,1991,263.13
HUN,,ALL,1992,269.61
HUN,,ALL,1993,269.25
HUN,,ALL,1994,270.41
HUN,,ALL,1995,245.32
HUN,,ALL,1996,315.19
HUN,,ALL,2001,720.2
HUN,,ALL,2002,738.87
HUN,,ALL,2003,847.3
HUN,,ALL,2004,806.16
HUN,,ALL,2005,816.12
HUN,,ALL,2006,820.94
HUN,,ALL,2007,804.82
HUN,,ALL,2008,883.26
HUN,,ALL,2009,845.22
HUN,,ALL,2010,815.65
HUN,,ALL,2011,874
HUN,,ALL,2012,936.3
HUN,,ALL,2013,961.62
HUN,,ALL,2014,978.63
HUN,,ALL,2015,998.32
HUN,,ALL,2016,1031.11
HUN,,ALL,2017,1052.8
HUN,,ALL,2018,1028.84
HUN,,ALL,2019,1043.3
ISL,,ALL,1981,293.32
ISL,,ALL,1982,308.55
ISL,,ALL,1983,305.01
ISL,,ALL,1984,323.18
ISL,,ALL,1985,304.88
ISL,,ALL,1986,323.18
ISL,,ALL,1987,330.13
ISL,,ALL,1988,351.36
ISL,,ALL,1989,350.55
ISL,,ALL,1990,360.3
ISL,,ALL,1991,348.11
ISL,,ALL,1992,340.87
ISL,,ALL,1993,350.64
ISL,,ALL,1994,339.47
ISL,,ALL,1995,378.23
ISL,,ALL,1996,408.7
ISL,,ALL,1997,382.04
ISL,,ALL,1998,411.26
ISL,,ALL,1999,395.77
ISL,,ALL,2000,407.61
ISL,,ALL,2001,414.31
ISL,,ALL,2002,416.96
ISL,,ALL,2003,417.25
ISL,,ALL,2004,431.67
ISL,,ALL,2005,439.73
ISL,,ALL,2006,450.16
ISL,,ALL,2007,444.13
ISL,,ALL,2008,453.73
ISL,,ALL,2009,464.85
ISL,,ALL,2010,472
ISL,,ALL,2011,475.84
ISL,,ALL,2012,479.24
ISL,,ALL,2013,481.52
ISL,,ALL,2014,475.07
ISL,,ALL,2015,478.82
ISL,,ALL,2016,492.5
ISL,,ALL,2017,488.35
ISL,,ALL,2018,479.42
ISL,,ALL,2019,479.25
IRL,,ALL,1994,344.43
IRL,,ALL,1995,334.88
IRL,,ALL,1996,343.21
IRL,,ALL,1997,350.79
IRL,,ALL,1998,350.46
IRL,,ALL,1999,353.83
IRL,,ALL,2000,368.28
IRL,,ALL,2001,373.05
IRL,,ALL,2002,389.77
IRL,,ALL,2003,387.15
IRL,,ALL,2004,402.17
IRL,,ALL,2005,392.26
IRL,,ALL,2006,394
IRL,,ALL,2007,409.45
IRL,,ALL,2008,418.58
IRL,,ALL,2009,431.95
IRL,,ALL,2010,443.79
IRL,,ALL,2011,448.89
IRL,,ALL,2012,449.82
IRL,,ALL,2013,452.5
IRL,,ALL,2014,460.5
IRL,,ALL,2015,470.75
IRL,,ALL,2016,480.42
IRL,,ALL,2017,483.88
IRL,,ALL,2018,500.11
ISR,,ALL,1980,228.56
ISR,,ALL,1981,226.4
ISR,,ALL,1982,223.01
ISR,,ALL,1983,214.56
ISR,,ALL,1984,235.27
ISR,,ALL,1985,228.24
ISR,,ALL,1986,228.88
ISR,,ALL,1987,230.77
ISR,,ALL,1988,232.53
ISR,,ALL,1989,255.65
ISR,,ALL,1990,277.93
ISR,,ALL,1991,280.38
ISR,,ALL,1992,289.65
ISR,,ALL,1993,299.29
ISR,,ALL,1994,310.87
ISR,,ALL,1995,311.33
ISR,,ALL,1996,305.27
ISR,,ALL,1997,319.84
ISR,,ALL,1998,332.74
ISR,,ALL,1999,341.29
ISR,,ALL,2000,344.72
ISR,,ALL,2001,363.33
ISR,,ALL,2002,352.44
ISR,,ALL,2003,357.94
ISR,,ALL,2004,353.87
ISR,,ALL,2005,360.47
ISR,,ALL,2006,371.41
ISR,,ALL,2007,380.05
ISR,,ALL,2008,377.87
ISR,,ALL,2009,370.31
ISR,,ALL,2010,374.13
ISR,,ALL,2011,363.98
ISR,,ALL,2012,371.54
ISR,,ALL,2013,373.45
ISR,,ALL,2014,383.98
ISR,,ALL,2015,377.75
ISR,,ALL,2016,377.99
ISR,,ALL,2017,353.1
ISR,,ALL,2018,366.83
ITA,,ALL,1970,235.49
ITA,,ALL,1971,242.84
ITA,,ALL,1972,250.67
ITA,,ALL,1973,258.44
ITA,,ALL,1974,263.15
ITA,,ALL,1975,269.7
ITA,,ALL,1976,276.1
ITA,,ALL,1977,282.73
ITA,,ALL,1978,289.64
ITA,,ALL,1979,296.93
ITA,,ALL,1980,304.5
ITA,,ALL,1981,311.88
ITA,,ALL,1982,323.42
ITA,,ALL,1983,331.27
ITA,,ALL,1984,338.48
ITA,,ALL,1985,346.78
ITA,,ALL,1986,355.04
ITA,,ALL,1987,363.61
ITA,,ALL,1988,372.82
ITA,,ALL,1989,382.19
ITA,,ALL,1990,391.81
ITA,,ALL,1991,405.34
ITA,,ALL,1992,419.74
ITA,,ALL,1993,429.84
ITA,,ALL,1994,440.02
ITA,,ALL,1995,450.4
ITA,,ALL,1996,460.98
ITA,,ALL,1997,471.41
ITA,,ALL,1998,481.43
ITA,,ALL,1999,490.96
ITA,,ALL,2000,500.6
ITA,,ALL,2001,509.98
ITA,,ALL,2002,518.4
ITA,,ALL,2003,521.96
ITA,,ALL,2004,525.16
ITA,,ALL,2005,535.53
ITA,,ALL,2006,534.38
ITA,,ALL,2007,538.31
ITA,,ALL,2008,541.56
ITA,,ALL,2009,545.11
ITA,,ALL,2010,549.19
ITA,,ALL,2011,569.93
ITA,,ALL,2012,578.67
ITA,,ALL,2013,578.18
ITA,,ALL,2014,588.36
ITA,,ALL,2015,585.03
ITA,,ALL,2016,592.24
ITA,,ALL,2017,599.17
KAZ,,ALL,1980,163.64
KAZ,,ALL,1981,166.63
KAZ,,ALL,1982,167.95
KAZ,,ALL,1983,165.01
KAZ,,ALL,1984,164.92
KAZ,,ALL,1985,168.4
KAZ,,ALL,1986,177.48
KAZ,,ALL,1987,179.18
KAZ,,ALL,1988,183.27
KAZ,,ALL,1989,182.44
KAZ,,ALL,1990,188.55
KAZ,,ALL,1991,189.97
KAZ,,ALL,1992,186.35
KAZ,,ALL,1993,181.19
KAZ,,ALL,1994,174.89
KAZ,,ALL,1995,172.99
KAZ,,ALL,1996,179.9
KAZ,,ALL,1997,179.81
KAZ,,ALL,1998,191.33
KAZ,,ALL,1999,181.2
KAZ,,ALL,2000,191.75
KAZ,,ALL,2001,195.52
KAZ,,ALL,2002,197.34
KAZ,,ALL,2003,193.4
KAZ,,ALL,2004,194.15
KAZ,,ALL,2005,192.47
KAZ,,ALL,2006,186.65
KAZ,,ALL,2007,184.69
KAZ,,ALL,2008,180.75
KAZ,,ALL,2009,182.55
KAZ,,ALL,2010,181.18
KAZ,,ALL,2011,183.09
KAZ,,ALL,2012,190.6
KAZ,,ALL,2013,193.89
KAZ,,ALL,2014,197.75
KAZ,,ALL,2015,207.69
KAZ,,ALL,2016,206.17
KAZ,,ALL,2017,197.89
KAZ,,ALL,2018,195.65
KAZ,,ALL,2019,195.92
KGZ,,ALL,1985,111.22
KGZ,,ALL,1986,116.17
KGZ,,ALL,1987,127.35
KGZ,,ALL,1988,124.9
KGZ,,ALL,1989,122.14
KGZ,,ALL,1990,123.11
KGZ,,ALL,1991,117.83
KGZ,,ALL,1992,110.52
KGZ,,ALL,1993,102.52
KGZ,,ALL,1994,92.42
KGZ,,ALL,1995,94.5
KGZ,,ALL,1996,92.69
KGZ,,ALL,1997,94.28
KGZ,,ALL,1998,102.46
KGZ,,ALL,1999,95.7
KGZ,,ALL,2000,91.27
KGZ,,ALL,2001,94.4
KGZ,,ALL,2002,87.04
KGZ,,ALL,2003,88.83
KGZ,,ALL,2004,84.99
KGZ,,ALL,2005,89.06
KGZ,,ALL,2006,87.2
KGZ,,ALL,2007,85.1
KGZ,,ALL,2008,81.58
KGZ,,ALL,2009,88.27
KGZ,,ALL,2010,83.08
KGZ,,ALL,2011,90.38
KGZ,,ALL,2012,89.13
KGZ,,ALL,2013,89.62
KGZ,,ALL,2014,95.01
KGZ,,ALL,2015,91.75
KGZ,,ALL,2016,90.42
KGZ,,ALL,2017,89.15
KGZ,,ALL,2018,90.35
KGZ,,ALL,2019,86.87
LTU,,ALL,1975,224.82
LTU,,ALL,1979,225.27
LTU,,ALL,1980,251.85
LTU,,ALL,1981,246.52
LTU,,ALL,1982,254.11
LTU,,ALL,1983,267.03
LTU,,ALL,1984,271.6
LTU,,ALL,1985,276.79
LTU,,ALL,1986,263.96
LTU,,ALL,1987,265.57
LTU,,ALL,1988,269.05
LTU,,ALL,1989,260.11
LTU,,ALL,1990,270.08
LTU,,ALL,1991,277.42
LTU,,ALL,1992,286.96
LTU,,ALL,1993,302.29
LTU,,ALL,1994,313.11
LTU,,ALL,1995,323.03
LTU,,ALL,1996,341.15
LTU,,ALL,1997,359.4
LTU,,ALL,1998,378.49
LTU,,ALL,1999,394.07
LTU,,ALL,2000,401.17
LTU,,ALL,2001,405.09
LTU,,ALL,2002,420.64
LTU,,ALL,2003,442.23
LTU,,ALL,2004,472.15
LTU,,ALL,2005,485.29
LTU,,ALL,2006,528.21
LTU,,ALL,2007,556.71
LTU,,ALL,2008,570
LTU,,ALL,2009,562.84
LTU,,ALL,2010,575.02
LTU,,ALL,2011,589.87
LTU,,ALL,2012,593.55
LTU,,ALL,2013,634.31
LTU,,ALL,2014,646.39
LTU,,ALL,2015,645.57
LUX,,ALL,1981,279.48
LUX,,ALL,1982,315.83
LUX,,ALL,1983,303.69
LUX,,ALL,1984,315.47
LUX,,ALL,1985,325.32
LUX,,ALL,1986,337.69
LUX,,ALL,1987,343.23
LUX,,ALL,1988,325.66
LUX,,ALL,1989,333.77
LUX,,ALL,1990,369.04
LUX,,ALL,1991,355.72
LUX,,ALL,1992,376.31
LUX,,ALL,1993,365.49
LUX,,ALL,1994,381.13
LUX,,ALL,1995,406.15
LUX,,ALL,1996,398.22
LUX,,ALL,1997,416.15
LUX,,ALL,1998,432.86
LUX,,ALL,1999,423.62
LUX,,ALL,2000,412.02
LUX,,ALL,2001,426.89
LUX,,ALL,2002,430.32
LUX,,ALL,2003,455.89
LUX,,ALL,2004,445.53
LUX,,ALL,2005,434.04
LUX,,ALL,2006,444.3
LUX,,ALL,2007,437.08
LUX,,ALL,2008,437.11
LUX,,ALL,2009,388.11
LUX,,ALL,2010,406.54
LUX,,ALL,2011,421.34
LUX,,ALL,2012,407.94
LUX,,ALL,2013,389.06
LUX,,ALL,2014,401.03
LUX,,ALL,2015,407.5
LUX,,ALL,2016,416.14
LUX,,ALL,2017,407.29
LVA,,ALL,1980,253.21
LVA,,ALL,1981,250.37
LVA,,ALL,1982,248
LVA,,ALL,1983,256.36
LVA,,ALL,1984,275.37
LVA,,ALL,1985,276.05
LVA,,ALL,1986,273.9
LVA,,ALL,1987,297.76
LVA,,ALL,1988,287.93
LVA,,ALL,1989,268.25
LVA,,ALL,1990,283.65
LVA,,ALL,1991,285.79
LVA,,ALL,1992,298.89
LVA,,ALL,1993,291.58
LVA,,ALL,1994,312.69
LVA,,ALL,1995,326.23
LVA,,ALL,1996,337.54
LVA,,ALL,1997,347.41
LVA,,ALL,1998,377.26
LVA,,ALL,1999,374.78
LVA,,ALL,2000,373.3
LVA,,ALL,2001,380.08
LVA,,ALL,2002,401.05
LVA,,ALL,2003,407.44
LVA,,ALL,2004,448.05
LVA,,ALL,2005,454.35
LVA,,ALL,2006,477.61
LVA,,ALL,2007,483.79
LVA,,ALL,2008,457.08
LVA,,ALL,2009,483.69
LVA,,ALL,2010,533.38
LVA,,ALL,2011,569.01
LVA,,ALL,2012,572.38
LVA,,ALL,2013,583.31
LVA,,ALL,2014,582.8
LVA,,ALL,2015,578.79
LVA,,ALL,2016,582.54
LVA,,ALL,2017,605.59
MLT,,ALL,1992,308.88
MLT,,ALL,1993,321.91
MLT,,ALL,1994,345.75
MLT,,ALL,1995,365.7
MLT,,ALL,1996,349.33
MLT,,ALL,1997,396.86
MLT,,ALL,1998,401.06
MLT,,ALL,1999,417.02
MLT,,ALL,2000,408.23
MLT,,ALL,2001,416
MLT,,ALL,2002,414.68
MLT,,ALL,2003,411.71
MLT,,ALL,2004,428.14
MLT,,ALL,2005,469.45
MLT,,ALL,2006,485.25
MLT,,ALL,2007,527.56
MLT,,ALL,2008,413.75
MLT,,ALL,2009,432.94
MLT,,ALL,2010,453.97
MLT,,ALL,2011,479.2
MLT,,ALL,2012,431.94
MLT,,ALL,2013,443.99
MLT,,ALL,2014,490.76
MLT,,ALL,2015,473.88
MLT,,ALL,2016,475.91
MLT,,ALL,2017,481.35
MDA,,ALL,1980,147.98
MDA,,ALL,1981,149.82
MDA,,ALL,1982,158.54
MDA,,ALL,1983,159.56
MDA,,ALL,1984,161.75
MDA,,ALL,1985,173.81
MDA,,ALL,1986,179.74
MDA,,ALL,1987,177.94
MDA,,ALL,1988,176.03
MDA,,ALL,1989,177.1
MDA,,ALL,1990,183
MDA,,ALL,1991,184.25
MDA,,ALL,1992,171.56
MDA,,ALL,1993,177.53
MDA,,ALL,1994,176.08
MDA,,ALL,1995,168.57
MDA,,ALL,1996,162.18
MDA,,ALL,1997,197.69
MDA,,ALL,1998,189.75
MDA,,ALL,1999,174.12
MDA,,ALL,2000,186.45
MDA,,ALL,2001,163.9
MDA,,ALL,2002,167.81
MDA,,ALL,2003,176.56
MDA,,ALL,2004,190.1
MDA,,ALL,2005,193.37
MDA,,ALL,2006,205.32
MDA,,ALL,2007,209.71
MDA,,ALL,2008,213.21
MDA,,ALL,2009,225.57
MDA,,ALL,2010,220.44
MDA,,ALL,2011,226.97
MDA,,ALL,2012,230.48
MDA,,ALL,2013,237.2
MDA,,ALL,2014,249.13
MDA,,ALL,2015,232.99
MDA,,ALL,2016,279.48
MDA,,ALL,2017,284.8
MDA,,ALL,2018,282.67
MDA,,ALL,2019,285.24
MNE,,ALL,2002,618.6
MNE,,ALL,2013,394.55
NLD,,ALL,1989,375.33
NLD,,ALL,1990,382.1
NLD,,ALL,1991,388.84
NLD,,ALL,1992,404.86
NLD,,ALL,1993,404.98
NLD,,ALL,1994,419.63
NLD,,ALL,1995,417.85
NLD,,ALL,1996,427.1
NLD,,ALL,1997,426.67
NLD,,ALL,1998,430.27
NLD,,ALL,1999,439.61
NLD,,ALL,2000,441.64
NLD,,ALL,2001,452.86
NLD,,ALL,2002,461.41
NLD,,ALL,2003,477.22
NLD,,ALL,2004,501.04
NLD,,ALL,2005,507.94
NLD,,ALL,2006,523.99
NLD,,ALL,2007,542.48
NLD,,ALL,2008,562.27
NLD,,ALL,2009,574.11
NLD,,ALL,2010,592.77
NLD,,ALL,2011,618.54
NLD,,ALL,2012,617.51
NLD,,ALL,2013,618.53
NLD,,ALL,2014,629.19
NLD,,ALL,2015,642.94
NLD,,ALL,2016,664.45
NLD,,ALL,2017,668.79
NLD,,ALL,2018,684.6
NLD,,ALL,2019,687.45
NLD,,ALL,2020,659.63
NORDIC,,ALL,1978,375.57
NORDIC,,ALL,1979,380.42
NORDIC,,ALL,1980,387.08
NORDIC,,ALL,1981,388.45
NORDIC,,ALL,1982,398.69
NORDIC,,ALL,1983,410.92
NORDIC,,ALL,1984,412.64
NORDIC,,ALL,1985,418.11
NORDIC,,ALL,1986,423.04
NORDIC,,ALL,1987,433.15
NORDIC,,ALL,1988,434.74
NORDIC,,ALL,1989,435.92
NORDIC,,ALL,1990,438.73
NORDIC,,ALL,1991,443.96
NORDIC,,ALL,1992,452.56
NORDIC,,ALL,1993,454.49
NORDIC,,ALL,1994,461.79
NORDIC,,ALL,1995,459.53
NORDIC,,ALL,1996,469.58
NORDIC,,ALL,1997,474.38
NORDIC,,ALL,1998,483.13
NORDIC,,ALL,1999,489.99
NORDIC,,ALL,2000,499.02
NORDIC,,ALL,2001,504.21
NORDIC,,ALL,2002,512.39
NORDIC,,ALL,2003,525.5
NORDIC,,ALL,2004,550.33
NORDIC,,ALL,2005,554.88
NORDIC,,ALL,2006,562.15
NORDIC,,ALL,2007,564.71
NORDIC,,ALL,2008,581.85
NORDIC,,ALL,2009,607.97
NORDIC,,ALL,2010,607.74
NORDIC,,ALL,2011,625.01
NORDIC,,ALL,2012,621.95
NORDIC,,ALL,2013,634.6
NORDIC,,ALL,2014,655.99
NORDIC,,ALL,2015,662.39
NORDIC,,ALL,2016,671.09
NORDIC,,ALL,2017,674.59
NORDIC,,ALL,2018,683.23
NORDIC,,ALL,2019,689
NOR,,ALL,1980,370.94
NOR,,ALL,1981,372.48
NOR,,ALL,1982,387.63
NOR,,ALL,1983,397.08
NOR,,ALL,1984,399.56
NOR,,ALL,1985,406.72
NOR,,ALL,1986,414.37
NOR,,ALL,1987,403.19
NOR,,ALL,1988,411.33
NOR,,ALL,1989,427.74
NOR,,ALL,1990,432.83
NOR,,ALL,1991,435.59
NOR,,ALL,1992,448.84
NOR,,ALL,1993,450.32
NOR,,ALL,1994,452.94
NOR,,ALL,1995,459.37
NOR,,ALL,1996,467.81
NOR,,ALL,1997,481.37
NOR,,ALL,1998,478.04
NOR,,ALL,1999,475.13
NOR,,ALL,2000,501.17
NOR,,ALL,2001,497.77
NOR,,ALL,2002,500.07
NOR,,ALL,2003,510.57
NOR,,ALL,2004,532.11
NOR,,ALL,2005,524.04
NOR,,ALL,2006,525.42
NOR,,ALL,2007,550.91
NOR,,ALL,2008,547.82
NOR,,ALL,2009,569.92
NOR,,ALL,2010,578.23
NOR,,ALL,2011,603.81
NOR,,ALL,2012,599.75
NOR,,ALL,2013,598.43
NOR,,ALL,2014,614.82
NOR,,ALL,2015,625.45
NOR,,ALL,2016,622.67
NOR,,ALL,2017,636.05
NOR,,ALL,2018,643.65
NOR,,ALL,2019,654.07
POL,,ALL,1980,182.58
POL,,ALL,1981,177.43
POL,,ALL,1982,183.34
POL,,ALL,1983,190.69
POL,,ALL,1984,197.03
POL,,ALL,1985,206.81
POL,,ALL,1986,212.1
POL,,ALL,1987,213.49
POL,,ALL,1988,217.88
POL,,ALL,1989,219.25
POL,,ALL,1990,218.97
POL,,ALL,1991,242
POL,,ALL,1992,247.26
POL,,ALL,1993,269.01
POL,,ALL,1994,268.12
POL,,ALL,1995,272.59
POL,,ALL,1996,279.7
POL,,ALL,1999,289.18
POL,,ALL,2000,300.27
POL,,ALL,2001,299.88
POL,,ALL,2002,301.35
POL,,ALL,2003,317.17
POL,,ALL,2004,317.7
POL,,ALL,2005,329.32
POL,,ALL,2006,330.48
POL,,ALL,2007,338.15
POL,,ALL,2008,343.88
POL,,ALL,2009,361.78
POL,,ALL,2010,369.49
POL,,ALL,2011,379.32
POL,,ALL,2012,401.63
POL,,ALL,2013,411.47
POL,,ALL,2014,412.24
POL,,ALL,2015,424.61
POL,,ALL,2016,427.15
POL,,ALL,2017,429.11
POL,,ALL,2018,435.91
PRT,,ALL,1991,251.95
PRT,,ALL,1992,255.71
PRT,,ALL,1993,277.71
PRT,,ALL,2000,357.97
PRT,,ALL,2001,318.95
PRT,,ALL,2005,366.73
PRT,,ALL,2006,374.03
PRT,,ALL,2007,401.92
PRT,,ALL,2008,412.04
PRT,,ALL,2009,422.07
PRT,,ALL,2010,441.91
PRT,,ALL,2018,487.67
ROU,,ALL,1982,135.08
ROU,,ALL,1983,152.78
ROU,,ALL,1984,149.52
ROU,,ALL,1985,154.34
ROU,,ALL,1986,149.18
ROU,,ALL,1987,151.16
ROU,,ALL,1988,156.85
ROU,,ALL,1989,133.71
ROU,,ALL,1990,119.44
ROU,,ALL,1991,122.04
ROU,,ALL,1992,157.61
ROU,,ALL,1993,122.89
ROU,,ALL,1994,178.07
ROU,,ALL,1995,175.03
ROU,,ALL,1996,188.22
ROU,,ALL,1997,181.31
ROU,,ALL,1998,190.67
ROU,,ALL,1999,209.8
ROU,,ALL,2000,197.29
ROU,,ALL,2001,258.22
ROU,,ALL,2002,243.89
ROU,,ALL,2003,240.04
ROU,,ALL,2004,249.38
ROU,,ALL,2005,240.66
ROU,,ALL,2006,258.94
ROU,,ALL,2007,243.83
ROU,,ALL,2008,281.6
ROU,,ALL,2009,282.69
ROU,,ALL,2010,275.46
ROU,,ALL,2011,267.47
ROU,,ALL,2012,275.06
ROU,,ALL,2013,272.76
ROU,,ALL,2014,334.8
ROU,,ALL,2015,316.24
ROU,,ALL,2016,313.38
ROU,,ALL,2017,268.74
ROU,,ALL,2018,278.18
ROU,,ALL,2019,269.05
RUS,,ALL,1985,248.06
RUS,,ALL,1986,255.9
RUS,,ALL,1987,260.53
RUS,,ALL,1988,264.62
RUS,,ALL,1989,263.32
RUS,,ALL,1990,264.52
RUS,,ALL,1991,266
RUS,,ALL,1992,271.84
RUS,,ALL,1993,278.72
RUS,,ALL,1994,280.67
RUS,,ALL,1995,280.79
RUS,,ALL,1996,288.01
RUS,,ALL,1997,294.68
RUS,,ALL,1998,302.39
RUS,,ALL,1999,304.09
RUS,,ALL,2000,309.91
RUS,,ALL,2001,313.9
RUS,,ALL,2002,317.18
RUS,,ALL,2003,317.44
RUS,,ALL,2004,325.42
RUS,,ALL,2005,327.85
RUS,,ALL,2006,333.67
RUS,,ALL,2007,341.55
RUS,,ALL,2008,345.69
RUS,,ALL,2009,355.84
RUS,,ALL,2010,361.9
RUS,,ALL,2011,364.02
RUS,,ALL,2012,367.35
RUS,,ALL,2013,375.18
RUS,,ALL,2014,395.3
RUS,,ALL,2015,410.84
RUS,,ALL,2016,417.84
RUS,,ALL,2017,420.3
RUS,,ALL,2018,425.46
RUS,,ALL,2019,436.34
RUS,,ALL,2020,379.65
SEEHN,,ALL,1982,179.49
SEEHN,,ALL,1984,186.03
SEEHN,,ALL,1985,187.06
SEEHN,,ALL,1986,187.91
SEEHN,,ALL,1987,188.15
SEEHN,,ALL,1988,189.61
SEEHN,,ALL,1989,182.6
SEEHN,,ALL,1990,180.39
SEEHN,,ALL,1991,181.78
SEEHN,,ALL,1992,200.01
SEEHN,,ALL,1993,190.37
SEEHN,,ALL,1994,217.34
SEEHN,,ALL,1995,218.82
SEEHN,,ALL,1996,227.46
SEEHN,,ALL,1997,226.75
SEEHN,,ALL,1998,237.8
SEEHN,,ALL,1999,244.95
SEEHN,,ALL,2000,243.03
SEEHN,,ALL,2001,275.58
SEEHN,,ALL,2002,273.24
SEEHN,,ALL,2003,274.71
SEEHN,,ALL,2004,281
SEEHN,,ALL,2005,278.85
SEEHN,,ALL,2006,291.54
SEEHN,,ALL,2007,306.23
SEEHN,,ALL,2008,322.5
SEEHN,,ALL,2009,327.75
SEEHN,,ALL,2010,325.31
SEEHN,,ALL,2011,324.95
SEEHN,,ALL,2012,326.22
SEEHN,,ALL,2013,327.69
SEEHN,,ALL,2014,352.77
SEEHN,,ALL,2015,352.9
SEEHN,,ALL,2016,349.93
SEEHN,,ALL,2017,333.94
SEEHN,,ALL,2018,335.71
SMALL,,ALL,1998,423.85
SMALL,,ALL,1999,422.54
SMALL,,ALL,2000,422.58
SMALL,,ALL,2001,431.91
SMALL,,ALL,2002,437.13
SMALL,,ALL,2003,438.28
SMALL,,ALL,2004,443.05
SMALL,,ALL,2005,443.28
SMALL,,ALL,2006,444.3
SMALL,,ALL,2007,452.46
SMALL,,ALL,2008,435.05
SMALL,,ALL,2009,421.35
SMALL,,ALL,2010,426.7
SMALL,,ALL,2011,435.14
SMALL,,ALL,2012,418.82
SMALL,,ALL,2013,415.92
SMALL,,ALL,2014,431.28
SMALL,,ALL,2015,433.46
SMALL,,ALL,2016,443.74
SMALL,,ALL,2017,436.06
SMR,,ALL,2011,768.01
SMR,,ALL,2012,929.59
SMR,,ALL,2013,888.81
SMR,,ALL,2014,974.87
SMR,,ALL,2015,615.27
SRB,,ALL,2000,294.33
SRB,,ALL,2001,311.31
SRB,,ALL,2002,318.64
SRB,,ALL,2003,320.08
SRB,,ALL,2004,331.7
SRB,,ALL,2005,327.51
SRB,,ALL,2006,331.82
SRB,,ALL,2007,456.93
SRB,,ALL,2008,452.07
SRB,,ALL,2009,477.73
SRB,,ALL,2010,515.03
SRB,,ALL,2011,520.65
SRB,,ALL,2012,505.56
SRB,,ALL,2013,492.59
SRB,,ALL,2014,495.23
SRB,,ALL,2015,522.02
SRB,,ALL,2016,564.25
SRB,,ALL,2017,587.08
SRB,,ALL,2018,596.64
SVK,,ALL,1980,283.65
SVK,,ALL,1981,295.02
SVK,,ALL,1982,302.19
SVK,,ALL,1983,309
SVK,,ALL,1984,311.95
SVK,,ALL,1985,319.79
SVK,,ALL,1986,326.05
SVK,,ALL,1987,335.5
SVK,,ALL,1988,343.32
SVK,,ALL,1989,343.79
SVK,,ALL,1990,336.67
SVK,,ALL,1991,349.4
SVK,,ALL,1992,370.03
SVK,,ALL,1993,370.47
SVK,,ALL,1994,370.35
SVK,,ALL,1995,377.6
SVK,,ALL,1996,385.26
SVK,,ALL,1997,390.16
SVK,,ALL,1998,402.46
SVK,,ALL,1999,397.44
SVK,,ALL,2000,408.49
SVK,,ALL,2001,409.63
SVK,,ALL,2002,433.74
SVK,,ALL,2003,447.54
SVK,,ALL,2004,470.56
SVK,,ALL,2005,474.56
SVK,,ALL,2006,487.87
SVK,,ALL,2007,520.51
SVK,,ALL,2008,557.56
SVK,,ALL,2009,580.73
SVK,,ALL,2010,589.45
SVK,,ALL,2011,596.81
SVK,,ALL,2012,603.65
SVN,,ALL,1980,274.98
SVN,,ALL,1981,283.37
SVN,,ALL,1982,272.94
SVN,,ALL,1983,276.33
SVN,,ALL,1984,285.07
SVN,,ALL,1985,281.27
SVN,,ALL,1986,297.87
SVN,,ALL,1987,296.31
SVN,,ALL,1988,299.4
SVN,,ALL,1989,316.09
SVN,,ALL,1990,325.76
SVN,,ALL,1991,335.05
SVN,,ALL,1992,357.44
SVN,,ALL,1993,372.7
SVN,,ALL,1994,377.05
SVN,,ALL,1995,390.39
SVN,,ALL,1996,392.18
SVN,,ALL,1997,433.75
SVN,,ALL,1998,447.8
SVN,,ALL,1999,455.04
SVN,,ALL,2000,460.59
SVN,,ALL,2001,487.59
SVN,,ALL,2002,501.77
SVN,,ALL,2003,523.8
SVN,,ALL,2004,554.58
SVN,,ALL,2005,559.99
SVN,,ALL,2006,572.61
SVN,,ALL,2007,595.72
SVN,,ALL,2008,615.87
SVN,,ALL,2009,619.83
SVN,,ALL,2010,657.8
SVN,,ALL,2011,659.44
SVN,,ALL,2012,667.04
SVN,,ALL,2013,684.18
SVN,,ALL,2014,684.2
SVN,,ALL,2015,716.55
SVN,,ALL,2016,740.8
SVN,,ALL,2017,728.6
SWE,,ALL,1970,352.63
SWE,,ALL,1971,362.21
SWE,,ALL,1972,376.26
SWE,,ALL,1973,385.29
SWE,,ALL,1974,390.14
SWE,,ALL,1975,388.4
SWE,,ALL,1976,396.6
SWE,,ALL,1977,399.52
SWE,,ALL,1978,403.9
SWE,,ALL,1979,416.35
SWE,,ALL,1980,421.3
SWE,,ALL,1981,422.49
SWE,,ALL,1982,433.58
SWE,,ALL,1983,445.48
SWE,,ALL,1984,455.09
SWE,,ALL,1985,458.22
SWE,,ALL,1986,462.26
SWE,,ALL,1987,477.18
SWE,,ALL,1988,474.14
SWE,,ALL,1989,475.25
SWE,,ALL,1990,477.93
SWE,,ALL,1991,478.19
SWE,,ALL,1992,481.09
SWE,,ALL,1993,486.56
SWE,,ALL,1994,491.93
SWE,,ALL,1995,483.18
SWE,,ALL,1996,490.49
SWE,,ALL,1997,490.54
SWE,,ALL,1998,501.39
SWE,,ALL,1999,518.07
SWE,,ALL,2000,521.76
SWE,,ALL,2001,530.13
SWE,,ALL,2002,538.36
SWE,,ALL,2003,555.95
SWE,,ALL,2004,574.7
SWE,,ALL,2005,576.55
SWE,,ALL,2006,579.01
SWE,,ALL,2007,572.49
SWE,,ALL,2008,583.32
SWE,,ALL,2009,612.31
SWE,,ALL,2010,611.81
SWE,,ALL,2011,630.21
SWE,,ALL,2012,619.76
SWE,,ALL,2013,638.51
SWE,,ALL,2014,665.29
SWE,,ALL,2015,663.4
SWE,,ALL,2016,683.73
SWE,,ALL,2017,687.05
SWE,,ALL,2018,697.73
SWE,,ALL,2019,697.96
CHE,,ALL,1980,368.34
CHE,,ALL,1981,371.95
CHE,,ALL,1982,377.04
CHE,,ALL,1983,385.46
CHE,,ALL,1984,387.96
CHE,,ALL,1985,400.49
CHE,,ALL,1986,409.71
CHE,,ALL,1987,407.94
CHE,,ALL,1988,415.14
CHE,,ALL,1989,417.01
CHE,,ALL,1990,407.13
CHE,,ALL,1991,412.07
CHE,,ALL,1992,415
CHE,,ALL,1993,417.35
CHE,,ALL,1994,427.24
CHE,,ALL,1995,421.72
CHE,,ALL,1996,430.03
CHE,,ALL,1997,440.75
CHE,,ALL,1998,451.77
CHE,,ALL,1999,449.71
CHE,,ALL,2000,458.25
CHE,,ALL,2001,467.06
CHE,,ALL,2002,470.6
CHE,,ALL,2003,473.99
CHE,,ALL,2004,478.55
CHE,,ALL,2005,480.59
CHE,,ALL,2006,485.45
CHE,,ALL,2007,500.89
CHE,,ALL,2008,500.09
CHE,,ALL,2009,498.4
CHE,,ALL,2010,498.54
CHE,,ALL,2011,502.96
CHE,,ALL,2012,504.52
CHE,,ALL,2013,499.86
CHE,,ALL,2014,492.84
CHE,,ALL,2015,496.68
CHE,,ALL,2016,519.32
CHE,,ALL,2017,527.54
TJK,,ALL,1990,71.65
TJK,,ALL,1991,69.63
TJK,,ALL,1992,50.63
TJK,,ALL,1993,43.55
TJK,,ALL,1995,26.66
TJK,,ALL,1996,25.54
TJK,,ALL,1997,23.53
TJK,,ALL,1998,24.52
TJK,,ALL,1999,40.2
TJK,,ALL,2000,43.55
TJK,,ALL,2001,34.95
TJK,,ALL,2002,29.73
TJK,,ALL,2003,35.17
TJK,,ALL,2004,31.18
TJK,,ALL,2005,28.45
TJK,,ALL,2006,30.75
TJK,,ALL,2007,30.51
TJK,,ALL,2008,30.39
TJK,,ALL,2009,36.64
TJK,,ALL,2010,38.14
TJK,,ALL,2011,38.86
TJK,,ALL,2012,37.06
TJK,,ALL,2013,38.17
TJK,,ALL,2014,37.31
TJK,,ALL,2015,35.74
TJK,,ALL,2016,35.95
TJK,,ALL,2017,34.68
TJK,,ALL,2018,35.02
TKM,,ALL,1991,89.64
TKM,,ALL,1992,82.56
TKM,,ALL,1993,80.43
TKM,,ALL,1994,70.04
TKM,,ALL,1995,55.54
TKM,,ALL,1996,57.96
TKM,,ALL,1997,56.53
TKM,,ALL,2000,69.63
TKM,,ALL,2001,60.06
TKM,,ALL,2002,59.47
TKM,,ALL,2003,61.93
TKM,,ALL,2004,59.53
TKM,,ALL,2005,59.03
TKM,,ALL,2006,59.26
TKM,,ALL,2007,61.33
TKM,,ALL,2008,64.46
TKM,,ALL,2009,65.93
TKM,,ALL,2010,67.57
TKM,,ALL,2011,70.42
TKM,,ALL,2012,73.33
TKM,,ALL,2013,71.37
TKM,,ALL,2014,72.39
TKM,,ALL,2015,77.68
TKM,,ALL,2016,79.96
TKM,,ALL,2017,81.09
TKM,,ALL,2018,84.89
TKM,,ALL,2019,88.11
TKM,,ALL,2020,89.76
TUR,,ALL,1983,19.54
TUR,,ALL,1984,18.95
TUR,,ALL,1985,27.41
TUR,,ALL,1986,31.48
TUR,,ALL,1987,36.86
TUR,,ALL,1988,31.86
TUR,,ALL,1989,32.65
TUR,,ALL,1990,46.01
TUR,,ALL,1991,49.98
TUR,,ALL,1992,38.54
TUR,,ALL,1993,38.12
TUR,,ALL,1994,34.16
TUR,,ALL,1995,53.33
TUR,,ALL,1996,65.61
TUR,,ALL,1997,54.58
TUR,,ALL,1998,57.76
TUR,,ALL,1999,40.94
TUR,,ALL,2000,52.01
TUR,,ALL,2001,62.97
TUR,,ALL,2002,75.06
TUR,,ALL,2003,73.85
TUR,,ALL,2004,86.35
TUR,,ALL,2005,87.9
TUR,,ALL,2006,117.76
TUR,,ALL,2007,128.64
TUR,,ALL,2008,147.19
TUR,,ALL,2009,157.11
TUR,,ALL,2010,158.49
TUR,,ALL,2011,168.35
TUR,,ALL,2012,193.78
TUR,,ALL,2013,212.91
TUR,,ALL,2014,201.97
TUR,,ALL,2015,213.53
TUR,,ALL,2016,226.06
TUR,,ALL,2017,229.78
UKR,,ALL,1980,238.6
UKR,,ALL,1981,246.08
UKR,,ALL,1982,251.09
UKR,,ALL,1983,257.53
UKR,,ALL,1984,267.27
UKR,,ALL,1985,274.81
UKR,,ALL,1986,282.71
UKR,,ALL,1987,292.09
UKR,,ALL,1988,298.45
UKR,,ALL,1989,297.65
UKR,,ALL,1990,300.92
UKR,,ALL,1991,305.19
UKR,,ALL,1992,312.09
UKR,,ALL,1993,307.83
UKR,,ALL,1994,311.2
UKR,,ALL,1995,309.29
UKR,,ALL,1996,310.75
UKR,,ALL,1997,315.68
UKR,,ALL,1998,317.77
UKR,,ALL,1999,318.47
UKR,,ALL,2000,317.93
UKR,,ALL,2001,317.43
UKR,,ALL,2002,323.69
UKR,,ALL,2003,326.1
UKR,,ALL,2004,329.73
UKR,,ALL,2005,335.64
UKR,,ALL,2006,329.62
UKR,,ALL,2007,332.67
UKR,,ALL,2008,331.93
UKR,,ALL,2009,332.15
UKR,,ALL,2010,341.86
UKR,,ALL,2011,349.33
UKR,,ALL,2012,357.97
UKR,,ALL,2013,361.26
UKR,,ALL,2014,298.83
UKR,,ALL,2015,299.18
UKR,,ALL,2016,301.02
UKR,,ALL,2017,303.54
UKR,,ALL,2018,303.8
UKR,,ALL,2019,305
UKR,,ALL,2020,245.93
GBR,,ALL,1980,385.93
GBR,,ALL,1981,396.22
GBR,,ALL,1982,400.77
GBR,,ALL,1983,404
GBR,,ALL,1984,409.84
GBR,,ALL,1985,408.2
GBR,,ALL,1986,421.76
GBR,,ALL,1987,434.47
GBR,,ALL,1988,478.34
GBR,,ALL,1989,471.73
GBR,,ALL,1990,480.54
GBR,,ALL,1991,485
GBR,,ALL,1992,507.51
GBR,,ALL,1993,506.12
GBR,,ALL,1994,518.24
GBR,,ALL,1995,520.68
GBR,,ALL,1996,524.59
GBR,,ALL,1997,533.34
GBR,,ALL,1998,450.63
GBR,,ALL,1999,457.08
GBR,,ALL,2000,461.59
GBR,,ALL,2001,462.61
GBR,,ALL,2002,460.71
GBR,,ALL,2003,466.8
GBR,,ALL,2004,477.21
GBR,,ALL,2005,482.23
GBR,,ALL,2006,487.04
GBR,,ALL,2007,491.55
GBR,,ALL,2008,506.45
GBR,,ALL,2009,520.15
GBR,,ALL,2010,523.37
GBR,,ALL,2011,529.57
GBR,,ALL,2012,533.72
GBR,,ALL,2013,551.22
GBR,,ALL,2014,556.76
GBR,,ALL,2015,557.49
GBR,,ALL,2016,557.97
GBR,,ALL,2017,511.8
GBR,,ALL,2018,505.07
UZB,,ALL,1990,80.59
UZB,,ALL,1991,77.13
UZB,,ALL,1992,76.04
UZB,,ALL,1993,75.63
UZB,,ALL,1994,70.74
UZB,,ALL,1995,67.5
UZB,,ALL,1996,65.71
UZB,,ALL,1997,67.53
UZB,,ALL,1998,68.72
UZB,,ALL,1999,70.17
UZB,,ALL,2000,70.82
UZB,,ALL,2001,70.36
UZB,,ALL,2002,69.76
UZB,,ALL,2003,69.61
UZB,,ALL,2004,67.71
UZB,,ALL,2005,66.2
UZB,,ALL,2006,69
UZB,,ALL,2007,71.05
UZB,,ALL,2008,68.22
UZB,,ALL,2009,68.44
UZB,,ALL,2010,66.92
UZB,,ALL,2011,65.91
UZB,,ALL,2012,64.54
UZB,,ALL,2013,66.14
UZB,,ALL,2014,68.55
UZB,,ALL,2015,70.84
UZB,,ALL,2016,69.49
UZB,,ALL,2017,70.76
UZB,,ALL,2018,71.64
UZB,,ALL,2019,74.12